{"schemaVersion":"1.0","appDefinitionTemplate":{"id":"/providers/Microsoft.PowerApps/apps/","type":"Microsoft.PowerApps/apps","tags":{"primaryDeviceWidth":"640","primaryDeviceHeight":"1136","supportsPortrait":"true","supportsLandscape":"false","primaryFormFactor":"Phone","publisherVersion":"3.24045.24","minimumRequiredApiVersion":"2.2.0","hasComponent":"false","hasUnlockedComponent":"false","isUnifiedRootApp":"false","sienaVersion":"20240517T224106Z-3.24045.24.0","showStatusBar":"true","offlineLargeFilesSupport":"false"},"properties":{"appVersion":"2024-05-17T22:41:06Z","lifeCycleId":"Published","createdByClientVersion":{"major":3,"minor":24045,"build":24,"revision":0,"majorRevision":0,"minorRevision":0},"minClientVersion":{"major":3,"minor":24045,"build":24,"revision":0,"majorRevision":0,"minorRevision":0},"backgroundColor":"RGBA(0,176,240,1)","backgroundImageUri":"/17651220762399988488/Neee77c36-7cd2-47df-853a-19cfe3662db3-logoSmallFile","displayName":"SNP Scanner","description":"SNP Scanner","commitMessage":"","appUris":{"documentUri":{"value":"/17651220762399988488/N9b998df4-0c40-4112-8427-b43ac7b2991e-document.msapp"},"imageUris":[],"additionalUris":[{"isSolutionAware":false,"value":"/17651220762399988488/N200d8e90-6a9c-4b79-b2d6-f44e2dd25dc8-identity.json"}]},"createdTime":"0001-01-01T00:00:00Z","lastModifiedTime":"0001-01-01T00:00:00Z","sharedGroupsCount":0,"sharedUsersCount":0,"connectionReferences":{"b970dfd4-e4e0-4983-87e4-773614bd5d32":{"id":"fc66beb6-9dc5-4d6a-9a85-bbaee16c829b","displayName":"Logic flows","iconUri":"https://connectoricons-prod.azureedge.net/u/patelronak/specialtrain-logicflows-2/1.0.1692.3734/logicflows/icon.png","dataSources":["BingMapsAddressAutoComplete"],"dependencies":[],"dependents":[],"parameterHints":{"workflowName":{"value":"09230532-d6a4-4af5-9741-3e002ee8bfc8"},"workflowEntityId":{}},"parameterHintsV2":{"workflowName":{"value":"09230532-d6a4-4af5-9741-3e002ee8bfc8"},"workflowEntityId":{}},"isOnPremiseConnection":false,"bypassConsent":false,"dataSets":{},"apiTier":"Standard","isCustomApiConnection":false,"actions":["Run"]}},"databaseReferences":{"default.cds":{"databaseDetails":{"referenceType":"Environmental","environmentName":"default.cds","overrideValues":{"status":"NotSpecified","environmentVariableName":""}},"dataSources":{"SNP Clients":{"entitySetName":"cr249_snpclients","logicalName":"cr249_snpclient","isHidden":false},"SNP Client Checkins":{"entitySetName":"snp_snpclientcheckins","logicalName":"snp_snpclientcheckin","isHidden":false},"Accounts":{"entitySetName":"accounts","logicalName":"account","isHidden":false},"Users":{"entitySetName":"systemusers","logicalName":"systemuser","isHidden":false},"ToDos":{"entitySetName":"snp_todos","logicalName":"snp_todo","isHidden":false},"ownermapping":{"entitySetName":"ownermappings","logicalName":"ownermapping","isHidden":false}},"actions":["providers/PowerPlatform.Governance/Operations/Read","providers/PowerPlatform.Governance/Operations/Write"]}},"almMode":"Solution","performanceOptimizationEnabled":true,"canConsumeAppPass":true,"enableModernRuntimeMode":false,"executionRestrictions":{"isTeamsOnly":false,"dataLossPreventionEvaluationResult":{"status":"Compliant","lastEvaluationDate":"2022-10-05T21:14:24.4869125Z","violations":[],"violationsByPolicy":[],"violationErrorMessage":"The app uses the following connectors: ."}}},"appType":"ClassicCanvasApp","appComponents":[]}}