{"name":"dd17dc7c-8b7d-49a3-be3d-8b4b4eb42663","id":"/providers/Microsoft.Flow/flows/dd17dc7c-8b7d-49a3-be3d-8b4b4eb42663","type":"Microsoft.Flow/flows","properties":{"apiId":"/providers/Microsoft.PowerApps/apis/shared_logicflows","displayName":"BingMapsAddressAutoComplete - 2 - 5 - 2","definition":{"metadata":{"workflowEntityId":null,"processAdvisorMetadata":null,"flowChargedByPaygo":null,"flowclientsuspensionreason":"None","flowclientsuspensiontime":null,"flowclientsuspensionreasondetails":null,"creator":{"id":"ca566d3f-8253-4827-ba3d-7fbbcd802e52","type":"User","tenantId":"0ac3202f-c3e9-4f56-830d-017d09d16b3f"},"provisioningMethod":"FromDefinition","failureAlertSubscription":true,"clientLastModifiedTime":"2024-02-01T00:44:00.7445438Z","connectionKeySavedTimeKey":"2024-02-01T00:44:00.7445438Z"},"$schema":"https://schema.management.azure.com/providers/Microsoft.Logic/schemas/2016-06-01/workflowdefinition.json#","contentVersion":"1.0.0.0","parameters":{"$authentication":{"defaultValue":{},"type":"SecureObject"}},"triggers":{"manual":{"metadata":{"operationMetadataId":"1d565603-f921-4053-8d32-1faa03393dd6"},"type":"Request","kind":"PowerApp","inputs":{"schema":{"type":"object","properties":{"Query_Inputs":{"type":"any","description":"Inputs","x-ms-powerflows-param-ispartial":false},"MaxResultsInput_Inputs":{"type":"any","description":"Inputs","x-ms-powerflows-param-ispartial":false},"UserLocationInput_Inputs":{"type":"any","description":"Inputs","x-ms-powerflows-param-ispartial":false}},"required":["Query_Inputs","MaxResultsInput_Inputs","UserLocationInput_Inputs"]}}}},"actions":{"Query_Input":{"runAfter":{},"metadata":{"operationMetadataId":"15d6f8fe-8cb2-41af-a8e6-22472c2c7963"},"type":"Compose","inputs":"@triggerBody()['Query_Inputs']"},"MaxResults_Input":{"runAfter":{"Query_Input":["Succeeded"]},"metadata":{"operationMetadataId":"4528c0fb-2ed5-4786-ace2-1b211f776965"},"type":"Compose","inputs":"@triggerBody()['MaxResultsInput_Inputs']"},"HTTP":{"runAfter":{"UserLocationInput":["Succeeded"]},"metadata":{"operationMetadataId":"33235eca-9d92-4153-be03-ebf093f79142"},"type":"Http","inputs":{"method":"GET","uri":"https://dev.virtualearth.net/REST/v1/Autosuggest?query=@{outputs('Query_Input')}&maxResults=@{outputs('MaxResults_Input')}&userLocation=@{outputs('UserLocationInput')}&key=AprJBpaqOFQSdG2Q8JWh7ov1YuhE5V-2xF9pcaijFwLmU9Xi6QU7UWL3bVj8B5jR"}},"Select":{"runAfter":{"HTTP":["Succeeded"]},"metadata":{"operationMetadataId":"521c56f6-9bd0-4937-ae4c-c02f5bad7f6f"},"type":"Select","inputs":{"from":"@body('HTTP')?['resourceSets'][0]?['resources'][0]?['value']","select":{"Address":"@item()?['address']?['formattedAddress']"}}},"Response":{"runAfter":{"Select":["Succeeded"]},"metadata":{"operationMetadataId":"ee8f13e3-db17-4ecc-8a7b-640f277bf300"},"type":"Response","kind":"Http","inputs":{"statusCode":200,"body":"@body('Select')","schema":{"type":"array","items":{"type":"object","properties":{"Address":{"type":"string"}},"required":["Address"]}}}},"UserLocationInput":{"runAfter":{"MaxResults_Input":["Succeeded"]},"metadata":{"operationMetadataId":"27d8372b-2144-4586-9136-4a6ce2d0cfda"},"type":"Compose","inputs":"@triggerBody()['UserLocationInput_Inputs']"}},"description":"Enter number then street part of address to obtain complete address based on latitude and longitude of the request."},"connectionReferences":{},"flowFailureAlertSubscribed":false,"isManaged":false}}